case_index,n,b,blocks,serial_seconds,contestant_seconds,speedup
0,128,8,16,0.00019053,0.000213782,0.8912349963982
1,128,16,8,0.000202441,0.000216582,0.9347083321790361
2,128,32,4,0.000220342,0.000235002,0.9376175521910451
3,128,64,2,0.000256593,0.000268224,0.9566369899785254
4,128,128,1,0.00019012,0.00019108,0.994975926313586
5,192,8,24,0.00057816,0.00058238,0.9927538720423091
6,192,16,12,0.000609253,0.000445594,1.3672827731073578
7,192,24,8,0.000628713,0.000387032,1.6244470741437402
8,192,32,6,0.000660015,0.000432043,1.5276604412060837
9,192,48,4,0.00074902,0.000470175,1.5930664114425481
10,192,64,3,0.000806003,0.000633975,1.2713482392838835
11,192,96,2,0.000883128,0.000987323,0.894467160189725
12,256,8,32,0.001338222,0.001357303,0.9859419746364666
13,256,16,16,0.001372354,0.000581072,2.3617623977751467
14,256,32,8,0.001510311,0.000615783,2.4526675793258343
15,256,64,4,0.001833308,0.000896468,2.0450345132230043
16,256,128,2,0.002138245,0.002266921,0.9432375455518741
17,256,256,1,0.001611917,0.001614417,0.9984514533729514
18,320,8,40,0.002523054,0.000922409,2.735287708597813
19,320,10,32,0.002530615,0.000785282,3.2225557188373095
20,320,16,20,0.002584159,0.000667606,3.8707845645485515
21,320,20,16,0.00260495,0.000675166,3.8582363448396393
22,320,32,10,0.002805251,0.00077166,3.635345877718166
23,320,40,8,0.002915197,0.000732529,3.979633570821087
24,320,64,5,0.003464296,0.001202074,2.8819323935132113
25,384,8,48,0.00429877,0.001274889,3.371877865445541
26,384,12,32,0.004146543,0.00094652,4.380829776444238
27,384,16,24,0.004381144,0.000847266,5.170919168242324
28,384,24,16,0.004502061,0.000892548,5.044054773524786
29,384,32,12,0.004709403,0.000966522,4.872525405526206
30,384,48,8,0.005359728,0.001060867,5.052214839371947
31,384,64,6,0.006020923,0.001515921,3.971792065681523
32,384,96,4,0.006580643,0.002829722,2.3255439933675466
33,384,128,3,0.007152104,0.004424797,1.616368841327636
34,448,8,56,0.006821025,0.001587436,4.296881890041551
35,448,14,32,0.007127034,0.001187733,6.000535473881756
36,448,16,28,0.00688906,0.00111758,6.164265645412409
37,448,28,16,0.007411247,0.001253798,5.911037503648913
38,448,32,14,0.007366265,0.001214215,6.066689177781529
39,448,56,8,0.009045686,0.001599576,5.655052338869801
40,448,64,7,0.009089207,0.001778225,5.111393102672609
41,448,112,4,0.010757138,0.004402396,2.4434735085167256
42,512,8,64,0.01394947,0.002097243,6.651337017217366
43,512,16,32,0.012153413,0.001426217,8.521433274179175
44,512,32,16,0.011965203,0.001513582,7.9052228422378175
45,512,64,8,0.014510709,0.002228269,6.512099302193765
46,512,128,4,0.016563589,0.006767823,2.4474028058948942
47,512,256,2,0.020055846,0.022272545,0.9004739242866048
48,576,8,72,0.014365621,0.002438151,5.892014481465668
49,576,9,64,0.014691759,0.002147014,6.842879925328852
50,576,12,48,0.013770639,0.001997577,6.893671182637766
51,576,16,36,0.014219753,0.001691271,8.407731818259759
52,576,18,32,0.015136432,0.001536822,9.849177068001369
53,576,24,24,0.014549251,0.001609758,9.038160394295291
54,576,32,18,0.015188625,0.001701021,8.929122568151715
55,576,36,16,0.01528803,0.001690011,9.04611271760953
56,576,48,12,0.017280167,0.00184867,9.347350798141367
57,576,64,9,0.018544036,0.002518326,7.363636002646202
58,576,72,8,0.019254833,0.002828002,6.80863485952273
59,576,96,6,0.020785105,0.004614308,4.504490164072273
60,576,144,4,0.023622948,0.009285089,2.5441811058569286
61,640,8,80,0.019662775,0.002903535,6.772012391791385
62,640,10,64,0.019825735,0.002594619,7.641096823849668
63,640,16,40,0.019313767,0.002017798,9.571704898111705
64,640,20,32,0.019449394,0.001823688,10.66486921008418
65,640,32,20,0.021199478,0.001951225,10.864701918025856
66,640,40,16,0.021461092,0.001836089,11.688481331787294
67,640,64,10,0.025403723,0.002808031,9.046810024533205
68,640,80,8,0.027039532,0.003840856,7.039975463802861
69,640,128,5,0.030529218,0.008685966,3.5147752132578
70,768,8,96,0.04269144,0.004041008,10.56455221073554
71,768,12,64,0.038271045,0.003523719,10.860980969254358
72,768,16,48,0.036434497,0.0029946,12.166732451746478
73,768,24,32,0.035714237,0.002678414,13.334098836102262
74,768,32,24,0.037007006,0.002802489,13.205049511345095
75,768,48,16,0.042497871,0.003107318,13.676704798157125
76,768,64,12,0.044795004,0.00390716,11.464850172503814
77,768,96,8,0.047291597,0.006390773,7.399980722206844
78,768,128,6,0.051172517,0.011087134,4.615486472879285
79,768,192,4,0.059325824,0.023014795,2.5777255022258507
80,768,256,3,0.064910213,0.037949556,1.7104340561981803
81,896,8,112,0.059492613,0.005607692,10.609108524505269
82,896,14,64,0.05719823,0.004456899,12.833638366047783
83,896,16,56,0.053974556,0.004333183,12.456098900046456
84,896,28,32,0.057087624,0.003739371,15.26663815919843
85,896,32,28,0.055728931,0.003677027,15.155975466049068
86,896,56,16,0.067420719,0.004402086,15.315629681019407
87,896,64,14,0.067694963,0.004877301,13.879595087528942
88,896,112,8,0.07694638,0.01004029,7.663760708107036
89,896,128,7,0.080049576,0.013116894,6.102784393927403
90,1024,8,128,0.187382626,0.007928505,23.63404273567337
91,1024,16,64,0.118256248,0.006308189,18.74646558624036
92,1024,32,32,0.10006013,0.005646992,17.719191031260536
93,1024,64,16,0.105336294,0.007198096,14.633910689715725
94,1024,128,8,0.128682396,0.016717697,7.697375780886566
95,1024,256,4,0.223253432,0.091113539,2.450277252428972
96,1152,8,144,0.150162228,0.009087716,16.52364884642082
97,1152,9,128,0.149688374,0.009155261,16.349984342336064
98,1152,12,96,0.12664714,0.008445896,14.995110051082797
99,1152,16,72,0.122503277,0.007443631,16.45746235943184
100,1152,18,64,0.12775118,0.007019849,18.19856523979362
101,1152,24,48,0.119536217,0.006257349,19.10333225779799
102,1152,32,36,0.121503411,0.006212845,19.55680706664982
103,1152,36,32,0.121307603,0.005996604,20.229383664487433
104,1152,48,24,0.132851951,0.006534563,20.33065577606337
105,1152,64,18,0.141597306,0.007765579,18.23396632755909
106,1152,72,16,0.144414482,0.008766524,16.473402913172887
107,1152,96,12,0.152627561,0.011724712,13.017595741370876
108,1152,128,9,0.164570386,0.017843182,9.223152350292679
109,1152,144,8,0.170918558,0.022346075,7.648706003179529
110,1152,192,6,0.188050392,0.038254513,4.915770121031211
111,1152,288,4,0.211973023,0.080384356,2.636993484155051
112,1280,8,160,0.300401642,0.011621176,25.849504559607393
113,1280,10,128,0.249962771,0.010690986,23.38070323915867
114,1280,16,80,0.206304757,0.00946003,21.80804468907604
115,1280,20,64,0.199436367,0.008556091,23.309285396800945
116,1280,32,40,0.184464069,0.008002422,23.05102992569
117,1280,40,32,0.201192322,0.00830905,24.213637178738846
118,1280,64,20,0.203252443,0.010165288,19.99475499366078
119,1280,80,16,0.205865724,0.012405169,16.59515674474084
120,1280,128,10,0.235243237,0.021257006,11.06662137650053
121,1280,160,8,0.250327202,0.03021873,8.283842570485259
122,1280,256,5,0.283846879,0.075707533,3.7492554274618883
123,1536,8,192,0.692138941,0.018405223,37.605572124825656
124,1536,12,128,0.489925664,0.015838103,30.93335508678028
125,1536,16,96,0.421753417,0.01482425,28.45023640319072
126,1536,24,64,0.367609957,0.013320128,27.598079913346176
127,1536,32,48,0.33781371,0.01409251,23.971152761289506
128,1536,48,32,0.359767853,0.013940022,25.80827010172581
129,1536,64,24,0.349678379,0.015618542,22.38866976187662
130,1536,96,16,0.365202387,0.020284364,18.00413298637315
131,1536,128,12,0.403186596,0.028785262,14.0067023187074
132,1536,192,8,0.451251158,0.055206667,8.173852589217168
133,1536,256,6,0.488988322,0.094438793,5.177833244861569
134,1536,384,4,0.711837842,0.272761751,2.609742162859191
135,1792,8,224,1.002948764,0.025298163,39.64512221697679
136,1792,14,128,0.684484548,0.021953924,31.17823255651245
137,1792,16,112,0.585252929,0.021128983,27.699058161010402
138,1792,28,64,0.509259182,0.018752846,27.15636773212983
139,1792,32,56,0.490312395,0.018447381,26.57897047824838
140,1792,56,32,0.539689954,0.020816397,25.926194336128386
141,1792,64,28,0.533589367,0.021880344,24.386699176210396
142,1792,112,16,0.570695597,0.031277329,18.24630220182804
143,1792,128,14,0.597285134,0.036714009,16.268589300612746
144,1792,224,8,0.702087007,0.086193604,8.145465259812086
145,1792,256,7,0.72655516,0.112593502,6.452904893214885
146,2048,8,256,1.769982588,0.047390843,37.34862002771295
147,2048,16,128,1.044731849,0.046513746,22.460711915140095
148,2048,32,64,0.758874073,0.03744524,20.266236055637513
149,2048,64,32,0.81511043,0.056170074,14.511471535536877
